"rt","stimulus","key_press","test_part","trial_type","trial_index","time_elapsed","internal_node_id","subject","target","responses","question_order","response"
"1219.2849999992177","Welcome to the experiment. Press any key to begin.","39","welcome","html-keyboard-response","0","1224","0.0-0.0","8euxjpuvbr3pz9d","","","",""
"1168.6599999666214","<p>In this study you will hear a short musical clip and then make some ratings about the emotion it expresses or conveys</p><p>First you will select which emotion you think the musical clip is expressing</p><p>You will then rate how pleasant the feeling expressed in the musical clip was and also how energetic it was</p><p>Press the space bar to begin</p>","32","instruction","html-keyboard-response","1","2394","0.0-1.0","8euxjpuvbr3pz9d","","","",""
"null","<div style=""font-size:60px;"">+</div>","null","fixation","html-keyboard-response","2","3400","0.0-2.0-0.0","8euxjpuvbr3pz9d","","","",""
"null","<div style=""font-size:60px;color:green"">+</div>","null","fixation","html-keyboard-response","3","3906","0.0-2.0-1.0","8euxjpuvbr3pz9d","","","",""
"null","mp3/12_Fire_And_Rain_(LP_Version).mp3","null","song","audio-keyboard-response","4","4913","0.0-2.0-2.0","8euxjpuvbr3pz9d","sad","","",""
"3506.5300000132993","","","emotion_rating","survey-multi-choice","5","8422","0.0-2.0-3.0","8euxjpuvbr3pz9d","","{""Q0"":""Sad""}","[0]",""
"1521.8999999342486","<p>How negative/positive was this feeling expressed in this musical clip</p>","","valence rating","html-slider-response","6","9976","0.0-2.0-4.0","8euxjpuvbr3pz9d","","","","24"
"1653.9150000317022","<p>How energetic/arousing was the feeling expressed in this musical clip</p>","","arousal rating","html-slider-response","7","11631","0.0-2.0-5.0","8euxjpuvbr3pz9d","","","","32"
"null","<div style=""font-size:60px;"">+</div>","null","fixation","html-keyboard-response","8","12637","0.0-2.0-0.1","8euxjpuvbr3pz9d","","","",""
"null","<div style=""font-size:60px;color:green"">+</div>","null","fixation","html-keyboard-response","9","13140","0.0-2.0-1.1","8euxjpuvbr3pz9d","","","",""
"null","mp3/15_Here_Today.mp3","null","song","audio-keyboard-response","10","14142","0.0-2.0-2.1","8euxjpuvbr3pz9d","sad","","",""
"1529.4200000353158","","","emotion_rating","survey-multi-choice","11","15673","0.0-2.0-3.1","8euxjpuvbr3pz9d","","{""Q0"":""Sad""}","[0]",""
"548.2100000372157","<p>How negative/positive was this feeling expressed in this musical clip</p>","","valence rating","html-slider-response","12","16253","0.0-2.0-4.1","8euxjpuvbr3pz9d","","","","50"
"176.55999993439764","<p>How energetic/arousing was the feeling expressed in this musical clip</p>","","arousal rating","html-slider-response","13","16431","0.0-2.0-5.1","8euxjpuvbr3pz9d","","","","50"
"null","<div style=""font-size:60px;"">+</div>","null","fixation","html-keyboard-response","14","17437","0.0-2.0-0.2","8euxjpuvbr3pz9d","","","",""
"null","<div style=""font-size:60px;color:green"">+</div>","null","fixation","html-keyboard-response","15","17940","0.0-2.0-1.2","8euxjpuvbr3pz9d","","","",""
"null","mp3/23_Inside.mp3","null","song","audio-keyboard-response","16","18946","0.0-2.0-2.2","8euxjpuvbr3pz9d","sad","","",""
"1542.009999975562","","","emotion_rating","survey-multi-choice","17","20490","0.0-2.0-3.2","8euxjpuvbr3pz9d","","{""Q0"":""Sad""}","[0]",""
"151.4949999982491","<p>How negative/positive was this feeling expressed in this musical clip</p>","","valence rating","html-slider-response","18","20671","0.0-2.0-4.2","8euxjpuvbr3pz9d","","","","50"
"163.05999993346632","<p>How energetic/arousing was the feeling expressed in this musical clip</p>","","arousal rating","html-slider-response","19","20835","0.0-2.0-5.2","8euxjpuvbr3pz9d","","","","50"
"null","<div style=""font-size:60px;"">+</div>","null","fixation","html-keyboard-response","20","21837","0.0-2.0-0.3","8euxjpuvbr3pz9d","","","",""
"null","<div style=""font-size:60px;color:green"">+</div>","null","fixation","html-keyboard-response","21","22339","0.0-2.0-1.3","8euxjpuvbr3pz9d","","","",""
"null","mp3/14_Get_Lucky.mp3","null","song","audio-keyboard-response","22","23342","0.0-2.0-2.3","8euxjpuvbr3pz9d","happy","","",""
"2276.6100000590086","","","emotion_rating","survey-multi-choice","23","25620","0.0-2.0-3.3","8euxjpuvbr3pz9d","","{""Q0"":""Happy""}","[0]",""
"420.21999997086823","<p>How negative/positive was this feeling expressed in this musical clip</p>","","valence rating","html-slider-response","24","26069","0.0-2.0-4.3","8euxjpuvbr3pz9d","","","","50"
"171.06999992392957","<p>How energetic/arousing was the feeling expressed in this musical clip</p>","","arousal rating","html-slider-response","25","26241","0.0-2.0-5.3","8euxjpuvbr3pz9d","","","","50"
"null","<div style=""font-size:60px;"">+</div>","null","fixation","html-keyboard-response","26","27243","0.0-2.0-0.4","8euxjpuvbr3pz9d","","","",""
"null","<div style=""font-size:60px;color:green"">+</div>","null","fixation","html-keyboard-response","27","27747","0.0-2.0-1.4","8euxjpuvbr3pz9d","","","",""
"null","mp3/1_Skinny_Love.mp3","null","song","audio-keyboard-response","28","28752","0.0-2.0-2.4","8euxjpuvbr3pz9d","sad","","",""
"2125.1850000116974","","","emotion_rating","survey-multi-choice","29","30878","0.0-2.0-3.4","8euxjpuvbr3pz9d","","{""Q0"":""Sad""}","[0]",""
"140.84500004537404","<p>How negative/positive was this feeling expressed in this musical clip</p>","","valence rating","html-slider-response","30","31050","0.0-2.0-4.4","8euxjpuvbr3pz9d","","","","50"
"500.4750000080094","<p>How energetic/arousing was the feeling expressed in this musical clip</p>","","arousal rating","html-slider-response","31","31552","0.0-2.0-5.4","8euxjpuvbr3pz9d","","","","50"
"null","<div style=""font-size:60px;"">+</div>","null","fixation","html-keyboard-response","32","32558","0.0-2.0-0.5","8euxjpuvbr3pz9d","","","",""
"null","<div style=""font-size:60px;color:green"">+</div>","null","fixation","html-keyboard-response","33","33062","0.0-2.0-1.5","8euxjpuvbr3pz9d","","","",""
"null","mp3/28_Valerie.mp3","null","song","audio-keyboard-response","34","34064","0.0-2.0-2.5","8euxjpuvbr3pz9d","happy","","",""
"1365.3799999738112","","","emotion_rating","survey-multi-choice","35","35431","0.0-2.0-3.5","8euxjpuvbr3pz9d","","{""Q0"":""Happy""}","[0]",""
"666.9750000583008","<p>How negative/positive was this feeling expressed in this musical clip</p>","","valence rating","html-slider-response","36","36128","0.0-2.0-4.5","8euxjpuvbr3pz9d","","","","50"
"425.69999990519136","<p>How energetic/arousing was the feeling expressed in this musical clip</p>","","arousal rating","html-slider-response","37","36555","0.0-2.0-5.5","8euxjpuvbr3pz9d","","","","50"
"null","<div style=""font-size:60px;"">+</div>","null","fixation","html-keyboard-response","38","37561","0.0-2.0-0.6","8euxjpuvbr3pz9d","","","",""
"null","<div style=""font-size:60px;color:green"">+</div>","null","fixation","html-keyboard-response","39","38065","0.0-2.0-1.6","8euxjpuvbr3pz9d","","","",""
"null","mp3/26_It_Only_Hurts_When_I'm_Breathing.mp3","null","song","audio-keyboard-response","40","39067","0.0-2.0-2.6","8euxjpuvbr3pz9d","sad","","",""
"4357.465000008233","","","emotion_rating","survey-multi-choice","41","43426","0.0-2.0-3.6","8euxjpuvbr3pz9d","","{""Q0"":""Sad""}","[0]",""
"466.1949999863282","<p>How negative/positive was this feeling expressed in this musical clip</p>","","valence rating","html-slider-response","42","43921","0.0-2.0-4.6","8euxjpuvbr3pz9d","","","","50"
"493.23999998159707","<p>How energetic/arousing was the feeling expressed in this musical clip</p>","","arousal rating","html-slider-response","43","44416","0.0-2.0-5.6","8euxjpuvbr3pz9d","","","","50"
"null","<div style=""font-size:60px;"">+</div>","null","fixation","html-keyboard-response","44","45418","0.0-2.0-0.7","8euxjpuvbr3pz9d","","","",""
"null","<div style=""font-size:60px;color:green"">+</div>","null","fixation","html-keyboard-response","45","45921","0.0-2.0-1.7","8euxjpuvbr3pz9d","","","",""
"null","mp3/2_Love's_Requiem.mp3","null","song","audio-keyboard-response","46","46927","0.0-2.0-2.7","8euxjpuvbr3pz9d","sad","","",""
"5767.475000000559","","","emotion_rating","survey-multi-choice","47","52696","0.0-2.0-3.7","8euxjpuvbr3pz9d","","{""Q0"":""Sad""}","[0]",""
"1530.4650000762194","<p>How negative/positive was this feeling expressed in this musical clip</p>","","valence rating","html-slider-response","48","54255","0.0-2.0-4.7","8euxjpuvbr3pz9d","","","","40"
"306.52500002179295","<p>How energetic/arousing was the feeling expressed in this musical clip</p>","","arousal rating","html-slider-response","49","54563","0.0-2.0-5.7","8euxjpuvbr3pz9d","","","","50"
"null","<div style=""font-size:60px;"">+</div>","null","fixation","html-keyboard-response","50","55566","0.0-2.0-0.8","8euxjpuvbr3pz9d","","","",""
"null","<div style=""font-size:60px;color:green"">+</div>","null","fixation","html-keyboard-response","51","56068","0.0-2.0-1.8","8euxjpuvbr3pz9d","","","",""
"null","mp3/2_Blood_On_The_Ground.mp3","null","song","audio-keyboard-response","52","57071","0.0-2.0-2.8","8euxjpuvbr3pz9d","angry","","",""
"1616.8249999172986","","","emotion_rating","survey-multi-choice","53","58689","0.0-2.0-3.8","8euxjpuvbr3pz9d","","{""Q0"":""Angry""}","[0]",""
"331.609999993816","<p>How negative/positive was this feeling expressed in this musical clip</p>","","valence rating","html-slider-response","54","59049","0.0-2.0-4.8","8euxjpuvbr3pz9d","","","","50"
"424.9149999814108","<p>How energetic/arousing was the feeling expressed in this musical clip</p>","","arousal rating","html-slider-response","55","59476","0.0-2.0-5.8","8euxjpuvbr3pz9d","","","","50"
"null","<div style=""font-size:60px;"">+</div>","null","fixation","html-keyboard-response","56","60481","0.0-2.0-0.9","8euxjpuvbr3pz9d","","","",""
"null","<div style=""font-size:60px;color:green"">+</div>","null","fixation","html-keyboard-response","57","60987","0.0-2.0-1.9","8euxjpuvbr3pz9d","","","",""
"null","mp3/25_Old_Blacktop_[Album_Version].mp3","null","song","audio-keyboard-response","58","61990","0.0-2.0-2.9","8euxjpuvbr3pz9d","sad","","",""
"3274.7850000159815","","","emotion_rating","survey-multi-choice","59","65266","0.0-2.0-3.9","8euxjpuvbr3pz9d","","{""Q0"":""Sad""}","[0]",""
"233.41500002425164","<p>How negative/positive was this feeling expressed in this musical clip</p>","","valence rating","html-slider-response","60","65529","0.0-2.0-4.9","8euxjpuvbr3pz9d","","","","50"
"567.3599999863654","<p>How energetic/arousing was the feeling expressed in this musical clip</p>","","arousal rating","html-slider-response","61","66098","0.0-2.0-5.9","8euxjpuvbr3pz9d","","","","50"
"null","<div style=""font-size:60px;"">+</div>","null","fixation","html-keyboard-response","62","67103","0.0-2.0-0.10","8euxjpuvbr3pz9d","","","",""
"null","<div style=""font-size:60px;color:green"">+</div>","null","fixation","html-keyboard-response","63","67604","0.0-2.0-1.10","8euxjpuvbr3pz9d","","","",""
"null","mp3/13_If_The_Creeks_Don't_Rise.mp3","null","song","audio-keyboard-response","64","68608","0.0-2.0-2.10","8euxjpuvbr3pz9d","happy","","",""
"3311.615000013262","","","emotion_rating","survey-multi-choice","65","71921","0.0-2.0-3.10","8euxjpuvbr3pz9d","","{""Q0"":""Relaxed""}","[0]",""
"314.2050000606105","<p>How negative/positive was this feeling expressed in this musical clip</p>","","valence rating","html-slider-response","66","72264","0.0-2.0-4.10","8euxjpuvbr3pz9d","","","","50"
"1348.699999973178","<p>How energetic/arousing was the feeling expressed in this musical clip</p>","","arousal rating","html-slider-response","67","73614","0.0-2.0-5.10","8euxjpuvbr3pz9d","","","","50"
"null","<div style=""font-size:60px;"">+</div>","null","fixation","html-keyboard-response","68","74615","0.0-2.0-0.11","8euxjpuvbr3pz9d","","","",""
"null","<div style=""font-size:60px;color:green"">+</div>","null","fixation","html-keyboard-response","69","75120","0.0-2.0-1.11","8euxjpuvbr3pz9d","","","",""
"null","mp3/26_Make_Light.mp3","null","song","audio-keyboard-response","70","76126","0.0-2.0-2.11","8euxjpuvbr3pz9d","happy","","",""
"2205.8850000612438","","","emotion_rating","survey-multi-choice","71","78334","0.0-2.0-3.11","8euxjpuvbr3pz9d","","{""Q0"":""Happy""}","[0]",""
"410.2000000420958","<p>How negative/positive was this feeling expressed in this musical clip</p>","","valence rating","html-slider-response","72","78774","0.0-2.0-4.11","8euxjpuvbr3pz9d","","","","50"
"321.49500004015863","<p>How energetic/arousing was the feeling expressed in this musical clip</p>","","arousal rating","html-slider-response","73","79096","0.0-2.0-5.11","8euxjpuvbr3pz9d","","","","50"
"null","<div style=""font-size:60px;"">+</div>","null","fixation","html-keyboard-response","74","80101","0.0-2.0-0.12","8euxjpuvbr3pz9d","","","",""
"null","<div style=""font-size:60px;color:green"">+</div>","null","fixation","html-keyboard-response","75","80603","0.0-2.0-1.12","8euxjpuvbr3pz9d","","","",""
"null","mp3/9_If_The_Creeks_Don't_Rise.mp3","null","song","audio-keyboard-response","76","81605","0.0-2.0-2.12","8euxjpuvbr3pz9d","happy","","",""
"2477.5900000240654","","","emotion_rating","survey-multi-choice","77","84084","0.0-2.0-3.12","8euxjpuvbr3pz9d","","{""Q0"":""Relaxed""}","[0]",""
"591.7749999789521","<p>How negative/positive was this feeling expressed in this musical clip</p>","","valence rating","html-slider-response","78","84705","0.0-2.0-4.12","8euxjpuvbr3pz9d","","","","50"
"515.6100000021979","<p>How energetic/arousing was the feeling expressed in this musical clip</p>","","arousal rating","html-slider-response","79","85224","0.0-2.0-5.12","8euxjpuvbr3pz9d","","","","50"
"null","<div style=""font-size:60px;"">+</div>","null","fixation","html-keyboard-response","80","86230","0.0-2.0-0.13","8euxjpuvbr3pz9d","","","",""
"null","<div style=""font-size:60px;color:green"">+</div>","null","fixation","html-keyboard-response","81","86736","0.0-2.0-1.13","8euxjpuvbr3pz9d","","","",""
"null","mp3/2_Inside.mp3","null","song","audio-keyboard-response","82","87739","0.0-2.0-2.13","8euxjpuvbr3pz9d","sad","","",""
"4077.099999994971","","","emotion_rating","survey-multi-choice","83","91817","0.0-2.0-3.13","8euxjpuvbr3pz9d","","{""Q0"":""Sad""}","[0]",""
"483.5299999685958","<p>How negative/positive was this feeling expressed in this musical clip</p>","","valence rating","html-slider-response","84","92334","0.0-2.0-4.13","8euxjpuvbr3pz9d","","","","50"
"576.2050000485033","<p>How energetic/arousing was the feeling expressed in this musical clip</p>","","arousal rating","html-slider-response","85","92911","0.0-2.0-5.13","8euxjpuvbr3pz9d","","","","50"
"null","<div style=""font-size:60px;"">+</div>","null","fixation","html-keyboard-response","86","93915","0.0-2.0-0.14","8euxjpuvbr3pz9d","","","",""
"null","<div style=""font-size:60px;color:green"">+</div>","null","fixation","html-keyboard-response","87","94417","0.0-2.0-1.14","8euxjpuvbr3pz9d","","","",""
"null","mp3/3_It_Only_Hurts_When_I'm_Breathing.mp3","null","song","audio-keyboard-response","88","95422","0.0-2.0-2.14","8euxjpuvbr3pz9d","sad","","",""
"6586.270000087097","","","emotion_rating","survey-multi-choice","89","102010","0.0-2.0-3.14","8euxjpuvbr3pz9d","","{""Q0"":""Sad""}","[0]",""
"684.6199999563396","<p>How negative/positive was this feeling expressed in this musical clip</p>","","valence rating","html-slider-response","90","102722","0.0-2.0-4.14","8euxjpuvbr3pz9d","","","","50"
"756.0450000455603","<p>How energetic/arousing was the feeling expressed in this musical clip</p>","","arousal rating","html-slider-response","91","103479","0.0-2.0-5.14","8euxjpuvbr3pz9d","","","","50"
"null","<div style=""font-size:60px;"">+</div>","null","fixation","html-keyboard-response","92","104481","0.0-2.0-0.15","8euxjpuvbr3pz9d","","","",""
"null","<div style=""font-size:60px;color:green"">+</div>","null","fixation","html-keyboard-response","93","104983","0.0-2.0-1.15","8euxjpuvbr3pz9d","","","",""
"null","mp3/2_Boser_Wolf.mp3","null","song","audio-keyboard-response","94","105984","0.0-2.0-2.15","8euxjpuvbr3pz9d","sad","","",""
"4753.899999894202","","","emotion_rating","survey-multi-choice","95","110740","0.0-2.0-3.15","8euxjpuvbr3pz9d","","{""Q0"":""Happy""}","[0]",""
"466.20000002440065","<p>How negative/positive was this feeling expressed in this musical clip</p>","","valence rating","html-slider-response","96","111235","0.0-2.0-4.15","8euxjpuvbr3pz9d","","","","50"
"456.99999993667006","<p>How energetic/arousing was the feeling expressed in this musical clip</p>","","arousal rating","html-slider-response","97","111693","0.0-2.0-5.15","8euxjpuvbr3pz9d","","","","50"
"null","<div style=""font-size:60px;"">+</div>","null","fixation","html-keyboard-response","98","112699","0.0-2.0-0.16","8euxjpuvbr3pz9d","","","",""
"null","<div style=""font-size:60px;color:green"">+</div>","null","fixation","html-keyboard-response","99","113204","0.0-2.0-1.16","8euxjpuvbr3pz9d","","","",""
"null","mp3/8_Fire_And_Rain__(LP_Version).mp3","null","song","audio-keyboard-response","100","114208","0.0-2.0-2.16","8euxjpuvbr3pz9d","sad","","",""
"2373.894999967888","","","emotion_rating","survey-multi-choice","101","116583","0.0-2.0-3.16","8euxjpuvbr3pz9d","","{""Q0"":""Sad""}","[0]",""
"433.9149999432266","<p>How negative/positive was this feeling expressed in this musical clip</p>","","valence rating","html-slider-response","102","117048","0.0-2.0-4.16","8euxjpuvbr3pz9d","","","","50"
"426.73499998636544","<p>How energetic/arousing was the feeling expressed in this musical clip</p>","","arousal rating","html-slider-response","103","117475","0.0-2.0-5.16","8euxjpuvbr3pz9d","","","","50"
"null","<div style=""font-size:60px;"">+</div>","null","fixation","html-keyboard-response","104","118479","0.0-2.0-0.17","8euxjpuvbr3pz9d","","","",""
"null","<div style=""font-size:60px;color:green"">+</div>","null","fixation","html-keyboard-response","105","118982","0.0-2.0-1.17","8euxjpuvbr3pz9d","","","",""
"null","mp3/8_Restless.mp3","null","song","audio-keyboard-response","106","119984","0.0-2.0-2.17","8euxjpuvbr3pz9d","happy","","",""
"1224.265000084415","","","emotion_rating","survey-multi-choice","107","121210","0.0-2.0-3.17","8euxjpuvbr3pz9d","","{""Q0"":""Happy""}","[0]",""
"631.9349999539554","<p>How negative/positive was this feeling expressed in this musical clip</p>","","valence rating","html-slider-response","108","121870","0.0-2.0-4.17","8euxjpuvbr3pz9d","","","","50"
"434.8549999995157","<p>How energetic/arousing was the feeling expressed in this musical clip</p>","","arousal rating","html-slider-response","109","122306","0.0-2.0-5.17","8euxjpuvbr3pz9d","","","","50"
"null","<div style=""font-size:60px;"">+</div>","null","fixation","html-keyboard-response","110","123309","0.0-2.0-0.18","8euxjpuvbr3pz9d","","","",""
"null","<div style=""font-size:60px;color:green"">+</div>","null","fixation","html-keyboard-response","111","123812","0.0-2.0-1.18","8euxjpuvbr3pz9d","","","",""
"null","mp3/5_Get_Lucky.mp3","null","song","audio-keyboard-response","112","124814","0.0-2.0-2.18","8euxjpuvbr3pz9d","happy","","",""
"2140.919999917969","","","emotion_rating","survey-multi-choice","113","126956","0.0-2.0-3.18","8euxjpuvbr3pz9d","","{""Q0"":""Happy""}","[0]",""
"735.8349999412894","<p>How negative/positive was this feeling expressed in this musical clip</p>","","valence rating","html-slider-response","114","127712","0.0-2.0-4.18","8euxjpuvbr3pz9d","","","","50"
"520.1449999585748","<p>How energetic/arousing was the feeling expressed in this musical clip</p>","","arousal rating","html-slider-response","115","128234","0.0-2.0-5.18","8euxjpuvbr3pz9d","","","","50"
"null","<div style=""font-size:60px;"">+</div>","null","fixation","html-keyboard-response","116","129239","0.0-2.0-0.19","8euxjpuvbr3pz9d","","","",""
"null","<div style=""font-size:60px;color:green"">+</div>","null","fixation","html-keyboard-response","117","129742","0.0-2.0-1.19","8euxjpuvbr3pz9d","","","",""
"null","mp3/5_Valerie.mp3","null","song","audio-keyboard-response","118","130746","0.0-2.0-2.19","8euxjpuvbr3pz9d","happy","","",""
"1564.1349999932572","","","emotion_rating","survey-multi-choice","119","132311","0.0-2.0-3.19","8euxjpuvbr3pz9d","","{""Q0"":""Happy""}","[0]",""
"510.2300000144169","<p>How negative/positive was this feeling expressed in this musical clip</p>","","valence rating","html-slider-response","120","132850","0.0-2.0-4.19","8euxjpuvbr3pz9d","","","","50"
"419.5899999467656","<p>How energetic/arousing was the feeling expressed in this musical clip</p>","","arousal rating","html-slider-response","121","133271","0.0-2.0-5.19","8euxjpuvbr3pz9d","","","","50"
"null","<div style=""font-size:60px;"">+</div>","null","fixation","html-keyboard-response","122","134274","0.0-2.0-0.20","8euxjpuvbr3pz9d","","","",""
"null","<div style=""font-size:60px;color:green"">+</div>","null","fixation","html-keyboard-response","123","134775","0.0-2.0-1.20","8euxjpuvbr3pz9d","","","",""
"null","mp3/1_Be_Happy.mp3","null","song","audio-keyboard-response","124","135778","0.0-2.0-2.20","8euxjpuvbr3pz9d","happy","","",""
"1332.0600000442937","","","emotion_rating","survey-multi-choice","125","137112","0.0-2.0-3.20","8euxjpuvbr3pz9d","","{""Q0"":""Happy""}","[0]",""
"374.4200000073761","<p>How negative/positive was this feeling expressed in this musical clip</p>","","valence rating","html-slider-response","126","137516","0.0-2.0-4.20","8euxjpuvbr3pz9d","","","","50"
"418.56499994173646","<p>How energetic/arousing was the feeling expressed in this musical clip</p>","","arousal rating","html-slider-response","127","137936","0.0-2.0-5.20","8euxjpuvbr3pz9d","","","","50"
"null","<div style=""font-size:60px;"">+</div>","null","fixation","html-keyboard-response","128","138940","0.0-2.0-0.21","8euxjpuvbr3pz9d","","","",""
"null","<div style=""font-size:60px;color:green"">+</div>","null","fixation","html-keyboard-response","129","139442","0.0-2.0-1.21","8euxjpuvbr3pz9d","","","",""
"null","mp3/3_Old_Blacktop_[Album_Version].mp3","null","song","audio-keyboard-response","130","140445","0.0-2.0-2.21","8euxjpuvbr3pz9d","sad","","",""
"1748.9150000037625","","","emotion_rating","survey-multi-choice","131","142195","0.0-2.0-3.21","8euxjpuvbr3pz9d","","{""Q0"":""Sad""}","[0]",""
"670.7349999342114","<p>How negative/positive was this feeling expressed in this musical clip</p>","","valence rating","html-slider-response","132","142894","0.0-2.0-4.21","8euxjpuvbr3pz9d","","","","50"
"432.1650000056252","<p>How energetic/arousing was the feeling expressed in this musical clip</p>","","arousal rating","html-slider-response","133","143327","0.0-2.0-5.21","8euxjpuvbr3pz9d","","","","50"
"null","<div style=""font-size:60px;"">+</div>","null","fixation","html-keyboard-response","134","144333","0.0-2.0-0.22","8euxjpuvbr3pz9d","","","",""
"null","<div style=""font-size:60px;color:green"">+</div>","null","fixation","html-keyboard-response","135","144834","0.0-2.0-1.22","8euxjpuvbr3pz9d","","","",""
"null","mp3/4_Mbube.mp3","null","song","audio-keyboard-response","136","145837","0.0-2.0-2.22","8euxjpuvbr3pz9d","happy","","",""
"1967.8350000176579","","","emotion_rating","survey-multi-choice","137","147806","0.0-2.0-3.22","8euxjpuvbr3pz9d","","{""Q0"":""Relaxed""}","[0]",""
"407.6249999925494","<p>How negative/positive was this feeling expressed in this musical clip</p>","","valence rating","html-slider-response","138","148243","0.0-2.0-4.22","8euxjpuvbr3pz9d","","","","50"
"387.12000008672476","<p>How energetic/arousing was the feeling expressed in this musical clip</p>","","arousal rating","html-slider-response","139","148632","0.0-2.0-5.22","8euxjpuvbr3pz9d","","","","50"
"null","<div style=""font-size:60px;"">+</div>","null","fixation","html-keyboard-response","140","149635","0.0-2.0-0.23","8euxjpuvbr3pz9d","","","",""
"null","<div style=""font-size:60px;color:green"">+</div>","null","fixation","html-keyboard-response","141","150138","0.0-2.0-1.23","8euxjpuvbr3pz9d","","","",""
"null","mp3/13_Motown_Junk.mp3","null","song","audio-keyboard-response","142","151140","0.0-2.0-2.23","8euxjpuvbr3pz9d","angry","","",""
"1884.0899999486282","","","emotion_rating","survey-multi-choice","143","153027","0.0-2.0-3.23","8euxjpuvbr3pz9d","","{""Q0"":""Angry""}","[0]",""
"421.6099999612197","<p>How negative/positive was this feeling expressed in this musical clip</p>","","valence rating","html-slider-response","144","153476","0.0-2.0-4.23","8euxjpuvbr3pz9d","","","","50"
"441.00500002969056","<p>How energetic/arousing was the feeling expressed in this musical clip</p>","","arousal rating","html-slider-response","145","153918","0.0-2.0-5.23","8euxjpuvbr3pz9d","","","","50"
"null","<div style=""font-size:60px;"">+</div>","null","fixation","html-keyboard-response","146","154920","0.0-2.0-0.24","8euxjpuvbr3pz9d","","","",""
"null","<div style=""font-size:60px;color:green"">+</div>","null","fixation","html-keyboard-response","147","155426","0.0-2.0-1.24","8euxjpuvbr3pz9d","","","",""
"null","mp3/7_Here_Today.mp3","null","song","audio-keyboard-response","148","156429","0.0-2.0-2.24","8euxjpuvbr3pz9d","relaxed","","",""
"1980.4950000252575","","","emotion_rating","survey-multi-choice","149","158411","0.0-2.0-3.24","8euxjpuvbr3pz9d","","{""Q0"":""Sad""}","[0]",""
"376.105000032112","<p>How negative/positive was this feeling expressed in this musical clip</p>","","valence rating","html-slider-response","150","158816","0.0-2.0-4.24","8euxjpuvbr3pz9d","","","","50"
"412.0549999643117","<p>How energetic/arousing was the feeling expressed in this musical clip</p>","","arousal rating","html-slider-response","151","159229","0.0-2.0-5.24","8euxjpuvbr3pz9d","","","","50"
"null","<div style=""font-size:60px;"">+</div>","null","fixation","html-keyboard-response","152","160234","0.0-2.0-0.25","8euxjpuvbr3pz9d","","","",""
"null","<div style=""font-size:60px;color:green"">+</div>","null","fixation","html-keyboard-response","153","160738","0.0-2.0-1.25","8euxjpuvbr3pz9d","","","",""
"null","mp3/15_Bunkertor_7_(German_Texture).mp3","null","song","audio-keyboard-response","154","161741","0.0-2.0-2.25","8euxjpuvbr3pz9d","angry","","",""
"1987.169999978505","","","emotion_rating","survey-multi-choice","155","163730","0.0-2.0-3.25","8euxjpuvbr3pz9d","","{""Q0"":""Angry""}","[0]",""
"247.15000006835908","<p>How negative/positive was this feeling expressed in this musical clip</p>","","valence rating","html-slider-response","156","164007","0.0-2.0-4.25","8euxjpuvbr3pz9d","","","","50"
"439.8500000825152","<p>How energetic/arousing was the feeling expressed in this musical clip</p>","","arousal rating","html-slider-response","157","164448","0.0-2.0-5.25","8euxjpuvbr3pz9d","","","","50"
"null","<div style=""font-size:60px;"">+</div>","null","fixation","html-keyboard-response","158","165453","0.0-2.0-0.26","8euxjpuvbr3pz9d","","","",""
"null","<div style=""font-size:60px;color:green"">+</div>","null","fixation","html-keyboard-response","159","165955","0.0-2.0-1.26","8euxjpuvbr3pz9d","","","",""
"null","mp3/16_Restless.mp3","null","song","audio-keyboard-response","160","166957","0.0-2.0-2.26","8euxjpuvbr3pz9d","happy","","",""
"1645.189999951981","","","emotion_rating","survey-multi-choice","161","168604","0.0-2.0-3.26","8euxjpuvbr3pz9d","","{""Q0"":""Happy""}","[0]",""
"414.2950000241399","<p>How negative/positive was this feeling expressed in this musical clip</p>","","valence rating","html-slider-response","162","169047","0.0-2.0-4.26","8euxjpuvbr3pz9d","","","","50"
"474.4949999731034","<p>How energetic/arousing was the feeling expressed in this musical clip</p>","","arousal rating","html-slider-response","163","169523","0.0-2.0-5.26","8euxjpuvbr3pz9d","","","","50"
"null","<div style=""font-size:60px;"">+</div>","null","fixation","html-keyboard-response","164","170525","0.0-2.0-0.27","8euxjpuvbr3pz9d","","","",""
"null","<div style=""font-size:60px;color:green"">+</div>","null","fixation","html-keyboard-response","165","171027","0.0-2.0-1.27","8euxjpuvbr3pz9d","","","",""
"null","mp3/2_On_A_Slow_Boat_To_China.mp3","null","song","audio-keyboard-response","166","172030","0.0-2.0-2.27","8euxjpuvbr3pz9d","relaxed","","",""
"1313.2599999662489","","","emotion_rating","survey-multi-choice","167","173345","0.0-2.0-3.27","8euxjpuvbr3pz9d","","{""Q0"":""Sad""}","[0]",""
"571.3449999457225","<p>How negative/positive was this feeling expressed in this musical clip</p>","","valence rating","html-slider-response","168","173944","0.0-2.0-4.27","8euxjpuvbr3pz9d","","","","50"
"426.0299999732524","<p>How energetic/arousing was the feeling expressed in this musical clip</p>","","arousal rating","html-slider-response","169","174371","0.0-2.0-5.27","8euxjpuvbr3pz9d","","","","50"
"null","<div style=""font-size:60px;"">+</div>","null","fixation","html-keyboard-response","170","175374","0.0-2.0-0.28","8euxjpuvbr3pz9d","","","",""
"null","<div style=""font-size:60px;color:green"">+</div>","null","fixation","html-keyboard-response","171","175878","0.0-2.0-1.28","8euxjpuvbr3pz9d","","","",""
"null","mp3/9_Pain_(Live_Version).mp3","null","song","audio-keyboard-response","172","176879","0.0-2.0-2.28","8euxjpuvbr3pz9d","angry","","",""
"1454.9399999668822","","","emotion_rating","survey-multi-choice","173","178335","0.0-2.0-3.28","8euxjpuvbr3pz9d","","{""Q0"":""Angry""}","[0]",""
"387.72499992046505","<p>How negative/positive was this feeling expressed in this musical clip</p>","","valence rating","html-slider-response","174","178752","0.0-2.0-4.28","8euxjpuvbr3pz9d","","","","50"
"425.9699999820441","<p>How energetic/arousing was the feeling expressed in this musical clip</p>","","arousal rating","html-slider-response","175","179180","0.0-2.0-5.28","8euxjpuvbr3pz9d","","","","50"
"null","<div style=""font-size:60px;"">+</div>","null","fixation","html-keyboard-response","176","180185","0.0-2.0-0.29","8euxjpuvbr3pz9d","","","",""
"null","<div style=""font-size:60px;color:green"">+</div>","null","fixation","html-keyboard-response","177","180686","0.0-2.0-1.29","8euxjpuvbr3pz9d","","","",""
"null","mp3/24_Restless.mp3","null","song","audio-keyboard-response","178","181689","0.0-2.0-2.29","8euxjpuvbr3pz9d","happy","","",""
"2626.189999980852","","","emotion_rating","survey-multi-choice","179","184317","0.0-2.0-3.29","8euxjpuvbr3pz9d","","{""Q0"":""Happy""}","[0]",""
"540.8149999566376","<p>How negative/positive was this feeling expressed in this musical clip</p>","","valence rating","html-slider-response","180","184886","0.0-2.0-4.29","8euxjpuvbr3pz9d","","","","50"
"613.9250000705943","<p>How energetic/arousing was the feeling expressed in this musical clip</p>","","arousal rating","html-slider-response","181","185502","0.0-2.0-5.29","8euxjpuvbr3pz9d","","","","50"
"null","<div style=""font-size:60px;"">+</div>","null","fixation","html-keyboard-response","182","186506","0.0-2.0-0.30","8euxjpuvbr3pz9d","","","",""
"null","<div style=""font-size:60px;color:green"">+</div>","null","fixation","html-keyboard-response","183","187012","0.0-2.0-1.30","8euxjpuvbr3pz9d","","","",""
"null","mp3/7_Digital.mp3","null","song","audio-keyboard-response","184","188014","0.0-2.0-2.30","8euxjpuvbr3pz9d","relaxed","","",""
"2436.5299999481067","","","emotion_rating","survey-multi-choice","185","190452","0.0-2.0-3.30","8euxjpuvbr3pz9d","","{""Q0"":""Sad""}","[0]",""
"435.82000001333654","<p>How negative/positive was this feeling expressed in this musical clip</p>","","valence rating","html-slider-response","186","190917","0.0-2.0-4.30","8euxjpuvbr3pz9d","","","","50"
"411.31999995559454","<p>How energetic/arousing was the feeling expressed in this musical clip</p>","","arousal rating","html-slider-response","187","191329","0.0-2.0-5.30","8euxjpuvbr3pz9d","","","","50"
"null","<div style=""font-size:60px;"">+</div>","null","fixation","html-keyboard-response","188","192334","0.0-2.0-0.31","8euxjpuvbr3pz9d","","","",""
"null","<div style=""font-size:60px;color:green"">+</div>","null","fixation","html-keyboard-response","189","192836","0.0-2.0-1.31","8euxjpuvbr3pz9d","","","",""
"null","mp3/5_Love's_Requiem.mp3","null","song","audio-keyboard-response","190","193839","0.0-2.0-2.31","8euxjpuvbr3pz9d","sad","","",""
"1854.8300000838935","","","emotion_rating","survey-multi-choice","191","195696","0.0-2.0-3.31","8euxjpuvbr3pz9d","","{""Q0"":""Sad""}","[0]",""
"427.08000005222857","<p>How negative/positive was this feeling expressed in this musical clip</p>","","valence rating","html-slider-response","192","196152","0.0-2.0-4.31","8euxjpuvbr3pz9d","","","","50"
"425.85500003769994","<p>How energetic/arousing was the feeling expressed in this musical clip</p>","","arousal rating","html-slider-response","193","196579","0.0-2.0-5.31","8euxjpuvbr3pz9d","","","","50"
"null","<div style=""font-size:60px;"">+</div>","null","fixation","html-keyboard-response","194","197583","0.0-2.0-0.32","8euxjpuvbr3pz9d","","","",""
"null","<div style=""font-size:60px;color:green"">+</div>","null","fixation","html-keyboard-response","195","198088","0.0-2.0-1.32","8euxjpuvbr3pz9d","","","",""
"null","mp3/12_Skank_Down.mp3","null","song","audio-keyboard-response","196","199094","0.0-2.0-2.32","8euxjpuvbr3pz9d","happy","","",""
"6537.940000067465","","","emotion_rating","survey-multi-choice","197","205634","0.0-2.0-3.32","8euxjpuvbr3pz9d","","{""Q0"":""Happy""}","[0]",""
"328.5600000526756","<p>How negative/positive was this feeling expressed in this musical clip</p>","","valence rating","html-slider-response","198","205992","0.0-2.0-4.32","8euxjpuvbr3pz9d","","","","50"
"284.62000004947186","<p>How energetic/arousing was the feeling expressed in this musical clip</p>","","arousal rating","html-slider-response","199","206278","0.0-2.0-5.32","8euxjpuvbr3pz9d","","","","50"
"null","<div style=""font-size:60px;"">+</div>","null","fixation","html-keyboard-response","200","207279","0.0-2.0-0.33","8euxjpuvbr3pz9d","","","",""
"null","<div style=""font-size:60px;color:green"">+</div>","null","fixation","html-keyboard-response","201","207785","0.0-2.0-1.33","8euxjpuvbr3pz9d","","","",""
"null","mp3/12_Skinny_Love.mp3","null","song","audio-keyboard-response","202","208787","0.0-2.0-2.33","8euxjpuvbr3pz9d","sad","","",""
"1134.1750000137836","","","emotion_rating","survey-multi-choice","203","209924","0.0-2.0-3.33","8euxjpuvbr3pz9d","","{""Q0"":""Sad""}","[0]",""
"360.6150000123307","<p>How negative/positive was this feeling expressed in this musical clip</p>","","valence rating","html-slider-response","204","210312","0.0-2.0-4.33","8euxjpuvbr3pz9d","","","","50"
"262.1500000823289","<p>How energetic/arousing was the feeling expressed in this musical clip</p>","","arousal rating","html-slider-response","205","210576","0.0-2.0-5.33","8euxjpuvbr3pz9d","","","","50"
"null","<div style=""font-size:60px;"">+</div>","null","fixation","html-keyboard-response","206","211581","0.0-2.0-0.34","8euxjpuvbr3pz9d","","","",""
"null","<div style=""font-size:60px;color:green"">+</div>","null","fixation","html-keyboard-response","207","212084","0.0-2.0-1.34","8euxjpuvbr3pz9d","","","",""
"null","mp3/3_Walk_on_the_wild_side.mp3","null","song","audio-keyboard-response","208","213087","0.0-2.0-2.34","8euxjpuvbr3pz9d","relaxed","","",""
"5144.459999981336","","","emotion_rating","survey-multi-choice","209","218233","0.0-2.0-3.34","8euxjpuvbr3pz9d","","{""Q0"":""Relaxed""}","[0]",""
"257.9799999948591","<p>How negative/positive was this feeling expressed in this musical clip</p>","","valence rating","html-slider-response","210","218519","0.0-2.0-4.34","8euxjpuvbr3pz9d","","","","50"
"357.31999995186925","<p>How energetic/arousing was the feeling expressed in this musical clip</p>","","arousal rating","html-slider-response","211","218878","0.0-2.0-5.34","8euxjpuvbr3pz9d","","","","50"
"null","<div style=""font-size:60px;"">+</div>","null","fixation","html-keyboard-response","212","219881","0.0-2.0-0.35","8euxjpuvbr3pz9d","","","",""
"null","<div style=""font-size:60px;color:green"">+</div>","null","fixation","html-keyboard-response","213","220383","0.0-2.0-1.35","8euxjpuvbr3pz9d","","","",""
"null","mp3/2_Incomplete.mp3","null","song","audio-keyboard-response","214","221386","0.0-2.0-2.35","8euxjpuvbr3pz9d","angry","","",""
"1383.1800000043586","","","emotion_rating","survey-multi-choice","215","222770","0.0-2.0-3.35","8euxjpuvbr3pz9d","","{""Q0"":""Angry""}","[0]",""
"301.94500007200986","<p>How negative/positive was this feeling expressed in this musical clip</p>","","valence rating","html-slider-response","216","223101","0.0-2.0-4.35","8euxjpuvbr3pz9d","","","","50"
"321.6450000181794","<p>How energetic/arousing was the feeling expressed in this musical clip</p>","","arousal rating","html-slider-response","217","223424","0.0-2.0-5.35","8euxjpuvbr3pz9d","","","","50"
"null","<div style=""font-size:60px;"">+</div>","null","fixation","html-keyboard-response","218","224425","0.0-2.0-0.36","8euxjpuvbr3pz9d","","","",""
"null","<div style=""font-size:60px;color:green"">+</div>","null","fixation","html-keyboard-response","219","224927","0.0-2.0-1.36","8euxjpuvbr3pz9d","","","",""
"null","mp3/2_Sweet_Song.mp3","null","song","audio-keyboard-response","220","225929","0.0-2.0-2.36","8euxjpuvbr3pz9d","relaxed","","",""
"4662.03000000678","","","emotion_rating","survey-multi-choice","221","230593","0.0-2.0-3.36","8euxjpuvbr3pz9d","","{""Q0"":""Relaxed""}","[0]",""
"244.10999997053295","<p>How negative/positive was this feeling expressed in this musical clip</p>","","valence rating","html-slider-response","222","230872","0.0-2.0-4.36","8euxjpuvbr3pz9d","","","","50"
"230.1200000802055","<p>How energetic/arousing was the feeling expressed in this musical clip</p>","","arousal rating","html-slider-response","223","231103","0.0-2.0-5.36","8euxjpuvbr3pz9d","","","","50"
"null","<div style=""font-size:60px;"">+</div>","null","fixation","html-keyboard-response","224","232109","0.0-2.0-0.37","8euxjpuvbr3pz9d","","","",""
"null","<div style=""font-size:60px;color:green"">+</div>","null","fixation","html-keyboard-response","225","232612","0.0-2.0-1.37","8euxjpuvbr3pz9d","","","",""
"null","mp3/4_Make_Light.mp3","null","song","audio-keyboard-response","226","233617","0.0-2.0-2.37","8euxjpuvbr3pz9d","happy","","",""
"2585.094999987632","","","emotion_rating","survey-multi-choice","227","236204","0.0-2.0-3.37","8euxjpuvbr3pz9d","","{""Q0"":""Happy""}","[0]",""
"240.12500001117587","<p>How negative/positive was this feeling expressed in this musical clip</p>","","valence rating","html-slider-response","228","236473","0.0-2.0-4.37","8euxjpuvbr3pz9d","","","","50"
"389.6399999503046","<p>How energetic/arousing was the feeling expressed in this musical clip</p>","","arousal rating","html-slider-response","229","236864","0.0-2.0-5.37","8euxjpuvbr3pz9d","","","","50"
"null","<div style=""font-size:60px;"">+</div>","null","fixation","html-keyboard-response","230","237866","0.0-2.0-0.38","8euxjpuvbr3pz9d","","","",""
"null","<div style=""font-size:60px;color:green"">+</div>","null","fixation","html-keyboard-response","231","238370","0.0-2.0-1.38","8euxjpuvbr3pz9d","","","",""
"null","mp3/4_Come_On_Baby.mp3","null","song","audio-keyboard-response","232","239373","0.0-2.0-2.38","8euxjpuvbr3pz9d","relaxed","","",""
"1172.3549999296665","","","emotion_rating","survey-multi-choice","233","240546","0.0-2.0-3.38","8euxjpuvbr3pz9d","","{""Q0"":""Relaxed""}","[0]",""
"999.1750000044703","<p>How negative/positive was this feeling expressed in this musical clip</p>","","valence rating","html-slider-response","234","241574","0.0-2.0-4.38","8euxjpuvbr3pz9d","","","","50"
"329.7250000759959","<p>How energetic/arousing was the feeling expressed in this musical clip</p>","","arousal rating","html-slider-response","235","241904","0.0-2.0-5.38","8euxjpuvbr3pz9d","","","","50"
"null","<div style=""font-size:60px;"">+</div>","null","fixation","html-keyboard-response","236","242906","0.0-2.0-0.39","8euxjpuvbr3pz9d","","","",""
"null","<div style=""font-size:60px;color:green"">+</div>","null","fixation","html-keyboard-response","237","243408","0.0-2.0-1.39","8euxjpuvbr3pz9d","","","",""
"null","mp3/19_I_hate_Everything_About_You.mp3","null","song","audio-keyboard-response","238","244410","0.0-2.0-2.39","8euxjpuvbr3pz9d","angry","","",""
"2060.2449999423698","","","emotion_rating","survey-multi-choice","239","246471","0.0-2.0-3.39","8euxjpuvbr3pz9d","","{""Q0"":""Angry""}","[0]",""
"326.1249999050051","<p>How negative/positive was this feeling expressed in this musical clip</p>","","valence rating","html-slider-response","240","246827","0.0-2.0-4.39","8euxjpuvbr3pz9d","","","","50"
"385.9700000612065","<p>How energetic/arousing was the feeling expressed in this musical clip</p>","","arousal rating","html-slider-response","241","247215","0.0-2.0-5.39","8euxjpuvbr3pz9d","","","","50"
"null","<div style=""font-size:60px;"">+</div>","null","fixation","html-keyboard-response","242","248220","0.0-2.0-0.40","8euxjpuvbr3pz9d","","","",""
"null","<div style=""font-size:60px;color:green"">+</div>","null","fixation","html-keyboard-response","243","248726","0.0-2.0-1.40","8euxjpuvbr3pz9d","","","",""
"null","mp3/4_Destiny.mp3","null","song","audio-keyboard-response","244","249727","0.0-2.0-2.40","8euxjpuvbr3pz9d","relaxed","","",""
"1985.9949999954551","","","emotion_rating","survey-multi-choice","245","251715","0.0-2.0-3.40","8euxjpuvbr3pz9d","","{""Q0"":""Relaxed""}","[0]",""
"630.1849998999387","<p>How negative/positive was this feeling expressed in this musical clip</p>","","valence rating","html-slider-response","246","252373","0.0-2.0-4.40","8euxjpuvbr3pz9d","","","","50"
"217.92500000447035","<p>How energetic/arousing was the feeling expressed in this musical clip</p>","","arousal rating","html-slider-response","247","252592","0.0-2.0-5.40","8euxjpuvbr3pz9d","","","","50"
"null","<div style=""font-size:60px;"">+</div>","null","fixation","html-keyboard-response","248","253596","0.0-2.0-0.41","8euxjpuvbr3pz9d","","","",""
"null","<div style=""font-size:60px;color:green"">+</div>","null","fixation","html-keyboard-response","249","254101","0.0-2.0-1.41","8euxjpuvbr3pz9d","","","",""
"null","mp3/1_The_Sweetest.mp3","null","song","audio-keyboard-response","250","255104","0.0-2.0-2.41","8euxjpuvbr3pz9d","relaxed","","",""
"1686.7349999956787","","","emotion_rating","survey-multi-choice","251","256793","0.0-2.0-3.41","8euxjpuvbr3pz9d","","{""Q0"":""Relaxed""}","[0]",""
"442.38000002224","<p>How negative/positive was this feeling expressed in this musical clip</p>","","valence rating","html-slider-response","252","257265","0.0-2.0-4.41","8euxjpuvbr3pz9d","","","","50"
"298.23499999474734","<p>How energetic/arousing was the feeling expressed in this musical clip</p>","","arousal rating","html-slider-response","253","257564","0.0-2.0-5.41","8euxjpuvbr3pz9d","","","","50"
"null","<div style=""font-size:60px;"">+</div>","null","fixation","html-keyboard-response","254","258569","0.0-2.0-0.42","8euxjpuvbr3pz9d","","","",""
"null","<div style=""font-size:60px;color:green"">+</div>","null","fixation","html-keyboard-response","255","259071","0.0-2.0-1.42","8euxjpuvbr3pz9d","","","",""
"null","mp3/13_Boser_Wolf.mp3","null","song","audio-keyboard-response","256","260075","0.0-2.0-2.42","8euxjpuvbr3pz9d","sad","","",""
"7380.984999937937","","","emotion_rating","survey-multi-choice","257","267458","0.0-2.0-3.42","8euxjpuvbr3pz9d","","{""Q0"":""Sad""}","[0]",""
"419.72000000532717","<p>How negative/positive was this feeling expressed in this musical clip</p>","","valence rating","html-slider-response","258","267908","0.0-2.0-4.42","8euxjpuvbr3pz9d","","","","50"
"333.9799999957904","<p>How energetic/arousing was the feeling expressed in this musical clip</p>","","arousal rating","html-slider-response","259","268243","0.0-2.0-5.42","8euxjpuvbr3pz9d","","","","50"
"null","<div style=""font-size:60px;"">+</div>","null","fixation","html-keyboard-response","260","269248","0.0-2.0-0.43","8euxjpuvbr3pz9d","","","",""
"null","<div style=""font-size:60px;color:green"">+</div>","null","fixation","html-keyboard-response","261","269749","0.0-2.0-1.43","8euxjpuvbr3pz9d","","","",""
"null","mp3/21_Skank_Down.mp3","null","song","audio-keyboard-response","262","270751","0.0-2.0-2.43","8euxjpuvbr3pz9d","happy","","",""
"1461.0700000775978","","","emotion_rating","survey-multi-choice","263","272213","0.0-2.0-3.43","8euxjpuvbr3pz9d","","{""Q0"":""Happy""}","[0]",""
"291.9250000268221","<p>How negative/positive was this feeling expressed in this musical clip</p>","","valence rating","html-slider-response","264","272535","0.0-2.0-4.43","8euxjpuvbr3pz9d","","","","50"
"238.32499992568046","<p>How energetic/arousing was the feeling expressed in this musical clip</p>","","arousal rating","html-slider-response","265","272775","0.0-2.0-5.43","8euxjpuvbr3pz9d","","","","50"
"null","<div style=""font-size:60px;"">+</div>","null","fixation","html-keyboard-response","266","273777","0.0-2.0-0.44","8euxjpuvbr3pz9d","","","",""
"null","<div style=""font-size:60px;color:green"">+</div>","null","fixation","html-keyboard-response","267","274279","0.0-2.0-1.44","8euxjpuvbr3pz9d","","","",""
"null","mp3/11_Be_Happy.mp3","null","song","audio-keyboard-response","268","275281","0.0-2.0-2.44","8euxjpuvbr3pz9d","happy","","",""
"3439.8400000063702","","","emotion_rating","survey-multi-choice","269","278722","0.0-2.0-3.44","8euxjpuvbr3pz9d","","{""Q0"":""Happy""}","[0]",""
"161.6599999833852","<p>How negative/positive was this feeling expressed in this musical clip</p>","","valence rating","html-slider-response","270","278911","0.0-2.0-4.44","8euxjpuvbr3pz9d","","","","50"
"470.82499996759","<p>How energetic/arousing was the feeling expressed in this musical clip</p>","","arousal rating","html-slider-response","271","279383","0.0-2.0-5.44","8euxjpuvbr3pz9d","","","","50"
"5513.725000084378","Thankyou","32","thanks","html-keyboard-response","272","284898","0.0-3.0","8euxjpuvbr3pz9d","","","",""
